Order ID,Order Date,Ship Date,Customer ID,Segment,Region,Category,Sub-Category,Sales,Quantity,Discount,Profit
ORD-1000,2022-01-01,2022-01-03,CUST-202,Home Office,West,Technology,Binders,1062.72,9,0.0,-133.24
ORD-1001,2022-01-02,2022-01-04,CUST-535,Home Office,East,Technology,Binders,507.22,6,0.3,24.44
ORD-1002,2022-01-03,2022-01-05,CUST-960,Corporate,Central,Office Supplies,Accessories,963.86,9,0.3,92.26
ORD-1003,2022-01-04,2022-01-06,CUST-370,Home Office,East,Office Supplies,Storage,800.84,4,0.1,34.09
ORD-1004,2022-01-05,2022-01-07,CUST-206,Consumer,West,Office Supplies,Storage,1107.84,8,0.3,131.35
ORD-1005,2022-01-06,2022-01-08,CUST-171,Corporate,Central,Furniture,Accessories,1498.81,4,0.0,235.43
ORD-1006,2022-01-07,2022-01-09,CUST-800,Home Office,South,Office Supplies,Binders,1436.67,2,0.0,-278.78
ORD-1007,2022-01-08,2022-01-10,CUST-120,Corporate,West,Office Supplies,Binders,1052.04,9,0.0,82.54
ORD-1008,2022-01-09,2022-01-11,CUST-714,Consumer,Central,Office Supplies,Binders,1648.34,5,0.0,623.24
ORD-1009,2022-01-10,2022-01-12,CUST-221,Corporate,Central,Technology,Tables,873.11,4,0.0,97.28
ORD-1010,2022-01-11,2022-01-13,CUST-566,Corporate,South,Technology,Binders,1795.49,2,0.1,370.81
ORD-1011,2022-01-12,2022-01-14,CUST-314,Corporate,East,Furniture,Phones,161.13,1,0.0,-2.08
ORD-1012,2022-01-13,2022-01-15,CUST-430,Corporate,East,Furniture,Chairs,1910.23,7,0.1,505.05
ORD-1013,2022-01-14,2022-01-16,CUST-558,Consumer,West,Technology,Binders,1316.29,6,0.0,347.18
ORD-1014,2022-01-15,2022-01-17,CUST-187,Corporate,South,Technology,Accessories,772.55,2,0.2,87.13
ORD-1015,2022-01-16,2022-01-18,CUST-472,Corporate,East,Technology,Chairs,410.37,8,0.2,158.24
ORD-1016,2022-01-17,2022-01-19,CUST-199,Home Office,South,Office Supplies,Tables,968.78,4,0.2,-120.78
ORD-1017,2022-01-18,2022-01-20,CUST-971,Corporate,East,Office Supplies,Accessories,405.23,8,0.2,-76.93
ORD-1018,2022-01-19,2022-01-21,CUST-763,Home Office,Central,Technology,Chairs,349.34,7,0.1,91.56
ORD-1019,2022-01-20,2022-01-22,CUST-230,Consumer,East,Office Supplies,Accessories,1242.36,5,0.1,353.19
ORD-1020,2022-01-21,2022-01-23,CUST-761,Consumer,South,Office Supplies,Tables,1055.71,8,0.3,-135.0
ORD-1021,2022-01-22,2022-01-24,CUST-408,Consumer,Central,Furniture,Phones,1346.79,9,0.0,-54.75
ORD-1022,2022-01-23,2022-01-25,CUST-869,Consumer,Central,Technology,Tables,1860.62,5,0.2,-352.53
ORD-1023,2022-01-24,2022-01-26,CUST-443,Home Office,Central,Technology,Tables,1073.88,5,0.1,-25.79
ORD-1024,2022-01-25,2022-01-27,CUST-591,Corporate,South,Office Supplies,Accessories,1170.25,2,0.0,308.81
ORD-1025,2022-01-26,2022-01-28,CUST-513,Consumer,West,Technology,Storage,197.46,5,0.0,21.87
ORD-1026,2022-01-27,2022-01-29,CUST-905,Corporate,West,Furniture,Binders,1440.92,3,0.1,12.76
ORD-1027,2022-01-28,2022-01-30,CUST-485,Home Office,West,Furniture,Binders,811.81,7,0.2,18.71
ORD-1028,2022-01-29,2022-01-31,CUST-291,Home Office,South,Furniture,Phones,1953.92,5,0.3,-389.2
ORD-1029,2022-01-30,2022-02-01,CUST-376,Home Office,Central,Technology,Phones,1649.88,8,0.0,-33.2
ORD-1030,2022-01-31,2022-02-02,CUST-260,Consumer,West,Technology,Binders,1054.51,1,0.3,198.12
ORD-1031,2022-02-01,2022-02-03,CUST-559,Corporate,South,Technology,Storage,263.98,3,0.2,101.5
ORD-1032,2022-02-02,2022-02-04,CUST-413,Corporate,West,Technology,Binders,1721.64,3,0.2,530.67
ORD-1033,2022-02-03,2022-02-05,CUST-121,Corporate,East,Technology,Storage,1603.57,9,0.3,-298.01
ORD-1034,2022-02-04,2022-02-06,CUST-352,Home Office,West,Furniture,Phones,385.48,5,0.2,130.73
ORD-1035,2022-02-05,2022-02-07,CUST-847,Consumer,West,Office Supplies,Chairs,604.65,9,0.0,163.21
ORD-1036,2022-02-06,2022-02-08,CUST-956,Home Office,Central,Furniture,Accessories,1590.95,9,0.3,426.73
ORD-1037,2022-02-07,2022-02-09,CUST-660,Home Office,South,Technology,Phones,386.75,1,0.2,28.93
ORD-1038,2022-02-08,2022-02-10,CUST-574,Corporate,Central,Furniture,Phones,1837.15,2,0.3,71.29
ORD-1039,2022-02-09,2022-02-11,CUST-158,Home Office,Central,Technology,Tables,860.56,5,0.0,-15.71
ORD-1040,2022-02-10,2022-02-12,CUST-610,Corporate,Central,Technology,Tables,192.34,4,0.2,-30.89
ORD-1041,2022-02-11,2022-02-13,CUST-781,Consumer,Central,Furniture,Tables,1635.18,9,0.0,-103.11
ORD-1042,2022-02-12,2022-02-14,CUST-575,Corporate,Central,Technology,Accessories,759.55,7,0.2,-39.53
ORD-1043,2022-02-13,2022-02-15,CUST-799,Consumer,West,Office Supplies,Tables,1062.47,6,0.1,96.1
ORD-1044,2022-02-14,2022-02-16,CUST-882,Corporate,Central,Technology,Storage,242.36,7,0.2,60.22
ORD-1045,2022-02-15,2022-02-17,CUST-289,Home Office,Central,Office Supplies,Binders,25.12,1,0.3,2.12
ORD-1046,2022-02-16,2022-02-18,CUST-786,Home Office,South,Office Supplies,Chairs,1283.21,1,0.2,-212.11
ORD-1047,2022-02-17,2022-02-19,CUST-662,Consumer,East,Technology,Phones,1040.05,8,0.0,389.68
ORD-1048,2022-02-18,2022-02-20,CUST-975,Consumer,West,Furniture,Storage,1195.21,2,0.0,437.01
ORD-1049,2022-02-19,2022-02-21,CUST-666,Consumer,West,Office Supplies,Chairs,1591.61,9,0.2,431.51
ORD-1050,2022-02-20,2022-02-22,CUST-343,Corporate,West,Furniture,Storage,1300.28,7,0.3,513.35
ORD-1051,2022-02-21,2022-02-23,CUST-931,Corporate,Central,Office Supplies,Storage,366.05,6,0.1,46.37
ORD-1052,2022-02-22,2022-02-24,CUST-604,Consumer,Central,Technology,Phones,734.33,1,0.3,277.33
ORD-1053,2022-02-23,2022-02-25,CUST-230,Home Office,Central,Technology,Binders,1813.66,1,0.1,-280.46
ORD-1054,2022-02-24,2022-02-26,CUST-584,Corporate,South,Office Supplies,Tables,1544.49,2,0.0,29.98
ORD-1055,2022-02-25,2022-02-27,CUST-918,Corporate,East,Technology,Accessories,1122.14,6,0.3,-72.68
ORD-1056,2022-02-26,2022-02-28,CUST-746,Corporate,Central,Office Supplies,Binders,526.18,6,0.1,-43.41
ORD-1057,2022-02-27,2022-03-01,CUST-120,Consumer,East,Technology,Accessories,618.08,2,0.2,-71.4
ORD-1058,2022-02-28,2022-03-02,CUST-940,Consumer,South,Furniture,Phones,1469.28,1,0.0,254.84
ORD-1059,2022-03-01,2022-03-03,CUST-266,Consumer,West,Technology,Phones,1705.33,5,0.2,458.38
ORD-1060,2022-03-02,2022-03-04,CUST-373,Consumer,Central,Furniture,Phones,1349.42,5,0.0,198.34
ORD-1061,2022-03-03,2022-03-05,CUST-487,Consumer,East,Technology,Chairs,1622.87,2,0.3,-181.47
ORD-1062,2022-03-04,2022-03-06,CUST-700,Home Office,East,Furniture,Accessories,1537.98,6,0.3,440.9
ORD-1063,2022-03-05,2022-03-07,CUST-415,Home Office,Central,Technology,Binders,316.41,9,0.0,57.45
ORD-1064,2022-03-06,2022-03-08,CUST-113,Consumer,West,Furniture,Binders,859.41,2,0.0,28.27
ORD-1065,2022-03-07,2022-03-09,CUST-341,Corporate,West,Office Supplies,Storage,322.91,2,0.0,66.03
ORD-1066,2022-03-08,2022-03-10,CUST-876,Consumer,West,Office Supplies,Storage,485.77,3,0.3,-21.4
ORD-1067,2022-03-09,2022-03-11,CUST-445,Home Office,South,Furniture,Storage,1741.13,7,0.1,12.39
ORD-1068,2022-03-10,2022-03-12,CUST-664,Home Office,East,Technology,Phones,956.33,6,0.2,335.19
ORD-1069,2022-03-11,2022-03-13,CUST-997,Corporate,East,Furniture,Binders,1080.01,8,0.2,-27.75
ORD-1070,2022-03-12,2022-03-14,CUST-439,Home Office,East,Technology,Accessories,373.32,8,0.3,30.61
ORD-1071,2022-03-13,2022-03-15,CUST-191,Consumer,South,Office Supplies,Phones,638.3,6,0.2,213.25
ORD-1072,2022-03-14,2022-03-16,CUST-466,Corporate,East,Technology,Chairs,475.89,3,0.0,106.9
ORD-1073,2022-03-15,2022-03-17,CUST-554,Consumer,South,Office Supplies,Storage,428.25,3,0.1,-69.67
ORD-1074,2022-03-16,2022-03-18,CUST-527,Consumer,West,Technology,Phones,1283.16,1,0.2,-143.22
ORD-1075,2022-03-17,2022-03-19,CUST-608,Corporate,Central,Technology,Phones,528.63,7,0.1,-103.24
ORD-1076,2022-03-18,2022-03-20,CUST-875,Consumer,East,Technology,Chairs,1271.39,5,0.0,227.01
ORD-1077,2022-03-19,2022-03-21,CUST-134,Home Office,East,Furniture,Tables,135.74,4,0.2,9.31
ORD-1078,2022-03-20,2022-03-22,CUST-305,Consumer,West,Furniture,Binders,300.71,4,0.3,-35.92
ORD-1079,2022-03-21,2022-03-23,CUST-180,Corporate,Central,Office Supplies,Accessories,563.59,4,0.1,211.21
ORD-1080,2022-03-22,2022-03-24,CUST-661,Corporate,South,Office Supplies,Tables,1202.15,6,0.0,141.61
ORD-1081,2022-03-23,2022-03-25,CUST-971,Corporate,Central,Furniture,Storage,1358.17,8,0.1,-74.51
ORD-1082,2022-03-24,2022-03-26,CUST-487,Consumer,West,Office Supplies,Phones,896.58,8,0.2,89.98
ORD-1083,2022-03-25,2022-03-27,CUST-101,Corporate,West,Furniture,Chairs,902.67,5,0.2,187.55
ORD-1084,2022-03-26,2022-03-28,CUST-489,Corporate,Central,Technology,Chairs,1454.54,6,0.3,-224.37
ORD-1085,2022-03-27,2022-03-29,CUST-665,Consumer,South,Office Supplies,Binders,51.33,4,0.0,-1.81
ORD-1086,2022-03-28,2022-03-30,CUST-205,Home Office,South,Office Supplies,Tables,695.36,9,0.0,197.61
ORD-1087,2022-03-29,2022-03-31,CUST-871,Consumer,East,Furniture,Binders,1641.04,8,0.3,124.39
ORD-1088,2022-03-30,2022-04-01,CUST-921,Corporate,South,Office Supplies,Phones,1214.37,1,0.3,155.37
ORD-1089,2022-03-31,2022-04-02,CUST-576,Corporate,Central,Office Supplies,Binders,687.71,2,0.0,41.05
ORD-1090,2022-04-01,2022-04-03,CUST-802,Consumer,West,Technology,Accessories,1812.94,9,0.1,-314.84
ORD-1091,2022-04-02,2022-04-04,CUST-501,Home Office,East,Office Supplies,Chairs,1549.79,8,0.1,-155.83
ORD-1092,2022-04-03,2022-04-05,CUST-829,Corporate,East,Technology,Chairs,544.49,3,0.3,36.66
ORD-1093,2022-04-04,2022-04-06,CUST-655,Corporate,West,Furniture,Storage,1297.67,8,0.1,-96.66
ORD-1094,2022-04-05,2022-04-07,CUST-261,Corporate,South,Office Supplies,Storage,1199.59,1,0.0,-203.95
ORD-1095,2022-04-06,2022-04-08,CUST-301,Consumer,West,Technology,Phones,814.35,4,0.2,249.35
ORD-1096,2022-04-07,2022-04-09,CUST-369,Corporate,South,Furniture,Accessories,746.57,3,0.2,290.2
ORD-1097,2022-04-08,2022-04-10,CUST-962,Home Office,West,Office Supplies,Tables,700.25,6,0.1,193.19
ORD-1098,2022-04-09,2022-04-11,CUST-915,Corporate,Central,Furniture,Binders,1241.97,7,0.3,387.83
ORD-1099,2022-04-10,2022-04-12,CUST-370,Corporate,South,Office Supplies,Phones,895.97,4,0.3,-49.11
ORD-1100,2022-04-11,2022-04-13,CUST-555,Home Office,Central,Furniture,Storage,1667.09,7,0.3,627.45
ORD-1101,2022-04-12,2022-04-14,CUST-561,Corporate,East,Furniture,Binders,1345.81,9,0.3,-110.15
ORD-1102,2022-04-13,2022-04-15,CUST-826,Consumer,West,Technology,Storage,158.46,2,0.3,58.77
ORD-1103,2022-04-14,2022-04-16,CUST-351,Consumer,East,Furniture,Binders,1287.53,3,0.1,511.01
ORD-1104,2022-04-15,2022-04-17,CUST-801,Consumer,East,Office Supplies,Tables,556.87,5,0.2,126.43
ORD-1105,2022-04-16,2022-04-18,CUST-395,Home Office,East,Office Supplies,Phones,1193.77,3,0.2,464.0
ORD-1106,2022-04-17,2022-04-19,CUST-824,Corporate,East,Technology,Binders,1366.66,8,0.1,193.69
ORD-1107,2022-04-18,2022-04-20,CUST-819,Consumer,West,Office Supplies,Accessories,477.04,8,0.3,-21.12
ORD-1108,2022-04-19,2022-04-21,CUST-848,Home Office,East,Office Supplies,Chairs,924.58,8,0.1,57.51
ORD-1109,2022-04-20,2022-04-22,CUST-437,Corporate,West,Office Supplies,Accessories,396.84,9,0.2,61.96
ORD-1110,2022-04-21,2022-04-23,CUST-978,Home Office,West,Furniture,Accessories,123.63,4,0.0,-19.3
ORD-1111,2022-04-22,2022-04-24,CUST-152,Consumer,Central,Furniture,Chairs,769.38,5,0.1,133.42
ORD-1112,2022-04-23,2022-04-25,CUST-891,Consumer,South,Office Supplies,Accessories,738.63,5,0.3,287.11
ORD-1113,2022-04-24,2022-04-26,CUST-316,Consumer,South,Technology,Binders,1991.05,8,0.2,-171.1
ORD-1114,2022-04-25,2022-04-27,CUST-863,Home Office,West,Furniture,Binders,903.78,7,0.2,249.04
ORD-1115,2022-04-26,2022-04-28,CUST-287,Home Office,Central,Technology,Binders,680.47,9,0.2,234.58
ORD-1116,2022-04-27,2022-04-29,CUST-479,Consumer,West,Office Supplies,Chairs,1169.34,8,0.2,428.24
ORD-1117,2022-04-28,2022-04-30,CUST-592,Home Office,West,Office Supplies,Accessories,195.76,2,0.3,73.62
ORD-1118,2022-04-29,2022-05-01,CUST-140,Consumer,West,Furniture,Chairs,1924.1,4,0.0,217.18
ORD-1119,2022-04-30,2022-05-02,CUST-256,Consumer,Central,Office Supplies,Binders,1277.22,6,0.2,493.5
ORD-1120,2022-05-01,2022-05-03,CUST-114,Corporate,South,Furniture,Accessories,1514.58,2,0.1,385.29
ORD-1121,2022-05-02,2022-05-04,CUST-912,Home Office,Central,Office Supplies,Accessories,357.55,7,0.0,-36.83
ORD-1122,2022-05-03,2022-05-05,CUST-164,Consumer,East,Office Supplies,Storage,830.77,3,0.2,71.56
ORD-1123,2022-05-04,2022-05-06,CUST-956,Consumer,Central,Furniture,Storage,856.92,3,0.0,197.95
ORD-1124,2022-05-05,2022-05-07,CUST-938,Home Office,Central,Furniture,Tables,1647.18,2,0.1,-84.99
ORD-1125,2022-05-06,2022-05-08,CUST-620,Corporate,Central,Furniture,Phones,22.45,8,0.2,4.14
ORD-1126,2022-05-07,2022-05-09,CUST-443,Corporate,Central,Office Supplies,Storage,615.69,6,0.1,123.11
ORD-1127,2022-05-08,2022-05-10,CUST-228,Consumer,South,Office Supplies,Chairs,1962.85,1,0.3,-200.96
ORD-1128,2022-05-09,2022-05-11,CUST-747,Home Office,East,Technology,Storage,960.28,1,0.2,133.53
ORD-1129,2022-05-10,2022-05-12,CUST-571,Corporate,South,Furniture,Tables,777.4,7,0.2,204.44
ORD-1130,2022-05-11,2022-05-13,CUST-162,Home Office,South,Office Supplies,Accessories,257.26,8,0.2,25.56
ORD-1131,2022-05-12,2022-05-14,CUST-238,Home Office,Central,Office Supplies,Tables,1948.85,5,0.2,-375.62
ORD-1132,2022-05-13,2022-05-15,CUST-598,Consumer,West,Furniture,Accessories,59.65,5,0.3,-11.61
ORD-1133,2022-05-14,2022-05-16,CUST-692,Corporate,West,Technology,Accessories,1479.62,4,0.2,21.04
ORD-1134,2022-05-15,2022-05-17,CUST-491,Consumer,South,Furniture,Phones,1541.83,6,0.0,548.45
ORD-1135,2022-05-16,2022-05-18,CUST-774,Corporate,South,Technology,Storage,502.44,6,0.2,-31.55
ORD-1136,2022-05-17,2022-05-19,CUST-518,Corporate,Central,Office Supplies,Chairs,1349.69,3,0.3,243.78
ORD-1137,2022-05-18,2022-05-20,CUST-388,Corporate,South,Technology,Chairs,204.0,9,0.2,-13.62
ORD-1138,2022-05-19,2022-05-21,CUST-478,Corporate,Central,Office Supplies,Binders,528.95,7,0.0,-3.7
ORD-1139,2022-05-20,2022-05-22,CUST-872,Corporate,West,Furniture,Accessories,1580.05,1,0.3,487.96
ORD-1140,2022-05-21,2022-05-23,CUST-589,Home Office,West,Furniture,Chairs,1732.08,7,0.3,411.05
ORD-1141,2022-05-22,2022-05-24,CUST-330,Consumer,East,Furniture,Phones,1224.8,5,0.0,-174.85
ORD-1142,2022-05-23,2022-05-25,CUST-140,Home Office,West,Technology,Accessories,1023.54,5,0.0,58.57
ORD-1143,2022-05-24,2022-05-26,CUST-127,Corporate,South,Office Supplies,Phones,335.42,2,0.0,-61.21
ORD-1144,2022-05-25,2022-05-27,CUST-234,Consumer,West,Furniture,Chairs,144.96,4,0.0,12.83
ORD-1145,2022-05-26,2022-05-28,CUST-300,Corporate,Central,Furniture,Chairs,252.95,6,0.0,49.95
ORD-1146,2022-05-27,2022-05-29,CUST-939,Consumer,West,Office Supplies,Binders,470.17,7,0.3,-60.6
ORD-1147,2022-05-28,2022-05-30,CUST-879,Home Office,East,Furniture,Chairs,696.52,5,0.3,-18.58
ORD-1148,2022-05-29,2022-05-31,CUST-132,Consumer,West,Office Supplies,Accessories,774.2,9,0.2,29.96
ORD-1149,2022-05-30,2022-06-01,CUST-147,Consumer,Central,Office Supplies,Accessories,705.72,3,0.2,248.21
ORD-1150,2022-05-31,2022-06-02,CUST-602,Consumer,Central,Office Supplies,Accessories,493.33,1,0.1,195.34
ORD-1151,2022-06-01,2022-06-03,CUST-506,Consumer,South,Office Supplies,Binders,1029.25,4,0.2,-178.12
ORD-1152,2022-06-02,2022-06-04,CUST-673,Consumer,West,Office Supplies,Binders,1654.07,9,0.2,424.44
ORD-1153,2022-06-03,2022-06-05,CUST-827,Corporate,Central,Technology,Chairs,573.81,4,0.0,13.22
ORD-1154,2022-06-04,2022-06-06,CUST-904,Consumer,East,Furniture,Tables,1885.93,2,0.0,66.9
ORD-1155,2022-06-05,2022-06-07,CUST-198,Consumer,South,Technology,Tables,1749.21,5,0.2,441.78
ORD-1156,2022-06-06,2022-06-08,CUST-783,Home Office,East,Furniture,Binders,340.29,3,0.1,119.46
ORD-1157,2022-06-07,2022-06-09,CUST-971,Consumer,West,Technology,Chairs,1576.83,9,0.0,584.31
ORD-1158,2022-06-08,2022-06-10,CUST-825,Home Office,West,Office Supplies,Tables,1157.68,4,0.2,169.34
ORD-1159,2022-06-09,2022-06-11,CUST-646,Corporate,West,Furniture,Chairs,1141.82,6,0.2,16.3
ORD-1160,2022-06-10,2022-06-12,CUST-838,Consumer,South,Furniture,Chairs,794.26,2,0.3,216.46
ORD-1161,2022-06-11,2022-06-13,CUST-712,Home Office,Central,Technology,Chairs,1012.28,6,0.1,-50.01
ORD-1162,2022-06-12,2022-06-14,CUST-561,Home Office,South,Technology,Storage,806.41,3,0.3,111.64
ORD-1163,2022-06-13,2022-06-15,CUST-742,Corporate,East,Furniture,Accessories,1088.67,9,0.1,16.49
ORD-1164,2022-06-14,2022-06-16,CUST-868,Consumer,South,Technology,Chairs,1263.34,2,0.0,245.06
ORD-1165,2022-06-15,2022-06-17,CUST-104,Consumer,East,Technology,Storage,1355.12,9,0.1,-75.56
ORD-1166,2022-06-16,2022-06-18,CUST-317,Home Office,South,Technology,Binders,1074.31,5,0.2,-91.36
ORD-1167,2022-06-17,2022-06-19,CUST-602,Consumer,Central,Office Supplies,Tables,1448.42,8,0.2,508.31
ORD-1168,2022-06-18,2022-06-20,CUST-866,Home Office,East,Office Supplies,Accessories,299.73,2,0.1,-41.64
ORD-1169,2022-06-19,2022-06-21,CUST-497,Consumer,West,Technology,Tables,439.73,6,0.1,45.54
ORD-1170,2022-06-20,2022-06-22,CUST-970,Home Office,West,Technology,Accessories,1641.1,3,0.1,-110.76
ORD-1171,2022-06-21,2022-06-23,CUST-894,Consumer,South,Office Supplies,Tables,658.61,5,0.3,-116.34
ORD-1172,2022-06-22,2022-06-24,CUST-492,Corporate,West,Office Supplies,Accessories,65.33,8,0.1,-11.65
ORD-1173,2022-06-23,2022-06-25,CUST-306,Consumer,East,Furniture,Tables,324.51,1,0.0,-30.79
ORD-1174,2022-06-24,2022-06-26,CUST-114,Consumer,West,Furniture,Tables,462.76,5,0.3,148.11
ORD-1175,2022-06-25,2022-06-27,CUST-957,Corporate,Central,Office Supplies,Tables,1915.5,3,0.3,-58.45
ORD-1176,2022-06-26,2022-06-28,CUST-653,Consumer,Central,Technology,Tables,1154.62,4,0.1,427.53
ORD-1177,2022-06-27,2022-06-29,CUST-991,Corporate,South,Technology,Binders,1866.81,2,0.0,278.1
ORD-1178,2022-06-28,2022-06-30,CUST-560,Consumer,East,Technology,Chairs,1158.82,9,0.3,71.81
ORD-1179,2022-06-29,2022-07-01,CUST-790,Home Office,Central,Technology,Phones,969.12,3,0.2,143.48
ORD-1180,2022-06-30,2022-07-02,CUST-674,Home Office,Central,Furniture,Storage,641.18,2,0.3,70.54
ORD-1181,2022-07-01,2022-07-03,CUST-963,Consumer,East,Office Supplies,Phones,1220.61,9,0.1,311.58
ORD-1182,2022-07-02,2022-07-04,CUST-842,Consumer,West,Technology,Phones,295.61,7,0.0,-9.02
ORD-1183,2022-07-03,2022-07-05,CUST-340,Consumer,West,Furniture,Accessories,1798.56,6,0.1,21.28
ORD-1184,2022-07-04,2022-07-06,CUST-663,Home Office,South,Technology,Chairs,1662.08,1,0.2,559.22
ORD-1185,2022-07-05,2022-07-07,CUST-195,Consumer,West,Office Supplies,Accessories,648.71,5,0.2,238.64
ORD-1186,2022-07-06,2022-07-08,CUST-833,Home Office,East,Furniture,Chairs,1906.54,3,0.2,639.71
ORD-1187,2022-07-07,2022-07-09,CUST-584,Corporate,Central,Office Supplies,Chairs,1653.9,1,0.1,85.46
ORD-1188,2022-07-08,2022-07-10,CUST-506,Home Office,West,Office Supplies,Tables,1339.29,4,0.3,359.22
ORD-1189,2022-07-09,2022-07-11,CUST-330,Home Office,South,Furniture,Binders,261.09,2,0.1,22.4
ORD-1190,2022-07-10,2022-07-12,CUST-848,Corporate,West,Furniture,Tables,966.9,2,0.0,95.26
ORD-1191,2022-07-11,2022-07-13,CUST-754,Home Office,East,Furniture,Binders,1022.09,3,0.3,-78.9
ORD-1192,2022-07-12,2022-07-14,CUST-270,Consumer,South,Furniture,Accessories,480.45,8,0.2,74.32
ORD-1193,2022-07-13,2022-07-15,CUST-640,Consumer,West,Furniture,Binders,178.33,8,0.1,-15.75
ORD-1194,2022-07-14,2022-07-16,CUST-135,Home Office,South,Furniture,Accessories,1557.91,7,0.2,-1.65
ORD-1195,2022-07-15,2022-07-17,CUST-624,Consumer,East,Furniture,Phones,261.63,6,0.2,81.89
ORD-1196,2022-07-16,2022-07-18,CUST-259,Home Office,Central,Technology,Phones,1196.7,9,0.0,-90.66
ORD-1197,2022-07-17,2022-07-19,CUST-938,Consumer,East,Office Supplies,Binders,1874.17,4,0.3,-294.82
ORD-1198,2022-07-18,2022-07-20,CUST-798,Consumer,East,Furniture,Binders,1754.69,1,0.0,-278.29
ORD-1199,2022-07-19,2022-07-21,CUST-342,Home Office,East,Technology,Accessories,569.95,8,0.0,207.73
ORD-1200,2022-07-20,2022-07-22,CUST-185,Consumer,East,Technology,Tables,1705.87,7,0.0,177.67
ORD-1201,2022-07-21,2022-07-23,CUST-895,Home Office,Central,Technology,Accessories,20.66,7,0.2,0.94
ORD-1202,2022-07-22,2022-07-24,CUST-677,Consumer,Central,Office Supplies,Tables,55.02,3,0.0,15.76
ORD-1203,2022-07-23,2022-07-25,CUST-781,Consumer,South,Furniture,Phones,1213.06,4,0.0,365.73
ORD-1204,2022-07-24,2022-07-26,CUST-656,Corporate,West,Technology,Chairs,742.3,9,0.3,-0.51
ORD-1205,2022-07-25,2022-07-27,CUST-673,Corporate,Central,Office Supplies,Binders,785.19,6,0.3,169.74
ORD-1206,2022-07-26,2022-07-28,CUST-745,Home Office,Central,Office Supplies,Tables,1137.59,5,0.0,298.81
ORD-1207,2022-07-27,2022-07-29,CUST-895,Corporate,West,Office Supplies,Accessories,399.73,3,0.3,77.06
ORD-1208,2022-07-28,2022-07-30,CUST-127,Home Office,Central,Technology,Phones,439.28,9,0.3,-47.9
ORD-1209,2022-07-29,2022-07-31,CUST-719,Corporate,East,Furniture,Tables,979.51,5,0.0,318.86
ORD-1210,2022-07-30,2022-08-01,CUST-655,Consumer,East,Technology,Accessories,1513.42,5,0.2,186.84
ORD-1211,2022-07-31,2022-08-02,CUST-439,Home Office,West,Technology,Binders,1246.61,4,0.0,-38.04
ORD-1212,2022-08-01,2022-08-03,CUST-897,Home Office,South,Furniture,Binders,608.76,4,0.3,33.57
ORD-1213,2022-08-02,2022-08-04,CUST-430,Consumer,South,Furniture,Storage,872.07,1,0.2,-154.76
ORD-1214,2022-08-03,2022-08-05,CUST-739,Home Office,West,Furniture,Chairs,357.92,7,0.1,-44.12
ORD-1215,2022-08-04,2022-08-06,CUST-605,Home Office,West,Office Supplies,Storage,167.77,9,0.2,43.51
ORD-1216,2022-08-05,2022-08-07,CUST-447,Corporate,East,Furniture,Phones,1569.74,3,0.3,-313.94
ORD-1217,2022-08-06,2022-08-08,CUST-572,Home Office,South,Technology,Tables,545.47,2,0.2,27.24
ORD-1218,2022-08-07,2022-08-09,CUST-330,Consumer,Central,Furniture,Phones,371.98,3,0.0,42.22
ORD-1219,2022-08-08,2022-08-10,CUST-289,Corporate,East,Technology,Accessories,1389.4,1,0.1,-232.33
ORD-1220,2022-08-09,2022-08-11,CUST-324,Corporate,West,Office Supplies,Binders,1243.74,6,0.1,477.41
ORD-1221,2022-08-10,2022-08-12,CUST-484,Consumer,South,Technology,Storage,1273.72,7,0.1,-81.93
ORD-1222,2022-08-11,2022-08-13,CUST-476,Consumer,Central,Technology,Storage,473.21,2,0.3,-8.27
ORD-1223,2022-08-12,2022-08-14,CUST-382,Corporate,Central,Furniture,Storage,480.64,8,0.3,-8.48
ORD-1224,2022-08-13,2022-08-15,CUST-732,Home Office,East,Furniture,Phones,457.19,6,0.1,-28.23
ORD-1225,2022-08-14,2022-08-16,CUST-727,Corporate,South,Technology,Binders,364.03,4,0.2,-72.48
ORD-1226,2022-08-15,2022-08-17,CUST-844,Consumer,South,Furniture,Tables,1318.33,5,0.1,313.24
ORD-1227,2022-08-16,2022-08-18,CUST-358,Corporate,West,Office Supplies,Accessories,1699.07,8,0.2,645.83
ORD-1228,2022-08-17,2022-08-19,CUST-458,Consumer,South,Office Supplies,Tables,1454.15,3,0.2,-95.14
ORD-1229,2022-08-18,2022-08-20,CUST-809,Corporate,South,Furniture,Phones,1588.35,3,0.3,314.22
ORD-1230,2022-08-19,2022-08-21,CUST-555,Home Office,East,Office Supplies,Accessories,821.5,4,0.2,201.38
ORD-1231,2022-08-20,2022-08-22,CUST-510,Corporate,South,Furniture,Storage,1315.07,1,0.1,406.43
ORD-1232,2022-08-21,2022-08-23,CUST-748,Corporate,Central,Technology,Chairs,721.39,9,0.3,38.65
ORD-1233,2022-08-22,2022-08-24,CUST-417,Consumer,East,Technology,Phones,1060.5,8,0.0,-19.35
ORD-1234,2022-08-23,2022-08-25,CUST-776,Consumer,East,Office Supplies,Phones,973.64,8,0.0,-4.7
ORD-1235,2022-08-24,2022-08-26,CUST-324,Consumer,West,Furniture,Binders,370.24,6,0.3,84.26
ORD-1236,2022-08-25,2022-08-27,CUST-918,Corporate,South,Furniture,Tables,786.42,7,0.1,228.12
ORD-1237,2022-08-26,2022-08-28,CUST-333,Home Office,West,Office Supplies,Phones,1928.37,6,0.0,-175.54
ORD-1238,2022-08-27,2022-08-29,CUST-783,Consumer,Central,Technology,Phones,512.19,9,0.0,11.56
ORD-1239,2022-08-28,2022-08-30,CUST-763,Consumer,East,Office Supplies,Storage,284.93,3,0.2,97.21
ORD-1240,2022-08-29,2022-08-31,CUST-926,Corporate,East,Technology,Storage,848.79,3,0.2,241.07
ORD-1241,2022-08-30,2022-09-01,CUST-473,Consumer,East,Furniture,Accessories,1584.87,3,0.1,619.55
ORD-1242,2022-08-31,2022-09-02,CUST-771,Home Office,Central,Technology,Chairs,1172.65,3,0.3,296.15
ORD-1243,2022-09-01,2022-09-03,CUST-707,Home Office,Central,Office Supplies,Binders,1368.33,9,0.1,49.15
ORD-1244,2022-09-02,2022-09-04,CUST-571,Consumer,West,Furniture,Chairs,395.6,4,0.3,61.07
ORD-1245,2022-09-03,2022-09-05,CUST-332,Consumer,West,Office Supplies,Accessories,1245.52,7,0.0,244.88
ORD-1246,2022-09-04,2022-09-06,CUST-791,Corporate,West,Office Supplies,Storage,660.53,9,0.2,-101.01
ORD-1247,2022-09-05,2022-09-07,CUST-212,Home Office,South,Technology,Tables,1671.92,7,0.1,211.83
ORD-1248,2022-09-06,2022-09-08,CUST-929,Home Office,East,Office Supplies,Storage,1266.01,9,0.1,285.6
ORD-1249,2022-09-07,2022-09-09,CUST-596,Consumer,East,Technology,Binders,413.74,3,0.3,-41.21
ORD-1250,2022-09-08,2022-09-10,CUST-541,Corporate,West,Furniture,Storage,147.94,4,0.3,39.7
ORD-1251,2022-09-09,2022-09-11,CUST-663,Home Office,East,Technology,Binders,104.41,8,0.1,15.69
ORD-1252,2022-09-10,2022-09-12,CUST-367,Home Office,West,Furniture,Binders,755.39,6,0.3,280.5
ORD-1253,2022-09-11,2022-09-13,CUST-609,Corporate,South,Technology,Binders,546.39,5,0.1,-95.37
ORD-1254,2022-09-12,2022-09-14,CUST-906,Corporate,South,Office Supplies,Accessories,1299.26,4,0.1,-53.02
ORD-1255,2022-09-13,2022-09-15,CUST-485,Home Office,Central,Technology,Binders,1008.68,8,0.1,162.33
ORD-1256,2022-09-14,2022-09-16,CUST-486,Home Office,South,Technology,Binders,546.72,1,0.0,-12.06
ORD-1257,2022-09-15,2022-09-17,CUST-212,Corporate,West,Furniture,Tables,315.49,9,0.3,72.14
ORD-1258,2022-09-16,2022-09-18,CUST-712,Home Office,South,Office Supplies,Chairs,271.86,1,0.2,69.43
ORD-1259,2022-09-17,2022-09-19,CUST-724,Consumer,Central,Technology,Phones,1732.03,8,0.2,-239.87
ORD-1260,2022-09-18,2022-09-20,CUST-180,Consumer,East,Office Supplies,Chairs,502.09,4,0.3,54.38
ORD-1261,2022-09-19,2022-09-21,CUST-798,Corporate,West,Technology,Binders,1310.39,9,0.1,138.03
ORD-1262,2022-09-20,2022-09-22,CUST-212,Corporate,East,Technology,Tables,1625.16,5,0.2,35.05
ORD-1263,2022-09-21,2022-09-23,CUST-101,Corporate,Central,Office Supplies,Storage,1235.88,3,0.2,444.61
ORD-1264,2022-09-22,2022-09-24,CUST-741,Consumer,Central,Technology,Tables,1721.94,9,0.3,510.56
ORD-1265,2022-09-23,2022-09-25,CUST-319,Home Office,Central,Office Supplies,Binders,796.94,9,0.2,173.99
ORD-1266,2022-09-24,2022-09-26,CUST-665,Consumer,East,Technology,Tables,1913.32,4,0.1,437.38
ORD-1267,2022-09-25,2022-09-27,CUST-954,Home Office,East,Furniture,Tables,283.63,4,0.3,21.85
ORD-1268,2022-09-26,2022-09-28,CUST-835,Consumer,East,Office Supplies,Binders,222.26,8,0.1,78.37
ORD-1269,2022-09-27,2022-09-29,CUST-324,Home Office,East,Technology,Accessories,1324.21,2,0.2,287.03
ORD-1270,2022-09-28,2022-09-30,CUST-484,Consumer,Central,Technology,Tables,1886.81,9,0.2,447.91
ORD-1271,2022-09-29,2022-10-01,CUST-502,Corporate,Central,Furniture,Phones,1621.59,6,0.1,514.07
ORD-1272,2022-09-30,2022-10-02,CUST-737,Consumer,West,Office Supplies,Phones,171.31,9,0.0,-6.09
ORD-1273,2022-10-01,2022-10-03,CUST-229,Home Office,West,Technology,Tables,573.15,8,0.2,162.91
ORD-1274,2022-10-02,2022-10-04,CUST-152,Consumer,East,Furniture,Accessories,1862.03,7,0.0,-154.28
ORD-1275,2022-10-03,2022-10-05,CUST-783,Consumer,South,Technology,Storage,521.06,1,0.2,3.75
ORD-1276,2022-10-04,2022-10-06,CUST-829,Consumer,South,Office Supplies,Binders,1566.72,3,0.0,2.14
ORD-1277,2022-10-05,2022-10-07,CUST-771,Corporate,Central,Technology,Phones,1653.76,2,0.0,640.2
ORD-1278,2022-10-06,2022-10-08,CUST-809,Consumer,Central,Technology,Storage,1001.0,5,0.0,314.24
ORD-1279,2022-10-07,2022-10-09,CUST-515,Corporate,Central,Technology,Tables,784.97,5,0.1,173.24
ORD-1280,2022-10-08,2022-10-10,CUST-346,Corporate,West,Technology,Storage,911.25,5,0.0,215.27
ORD-1281,2022-10-09,2022-10-11,CUST-935,Consumer,West,Furniture,Chairs,469.39,4,0.0,64.42
ORD-1282,2022-10-10,2022-10-12,CUST-538,Consumer,Central,Furniture,Phones,1780.99,5,0.0,655.86
ORD-1283,2022-10-11,2022-10-13,CUST-302,Consumer,Central,Office Supplies,Tables,912.23,3,0.2,89.18
ORD-1284,2022-10-12,2022-10-14,CUST-283,Home Office,Central,Furniture,Binders,1767.27,1,0.0,50.03
ORD-1285,2022-10-13,2022-10-15,CUST-222,Consumer,South,Furniture,Accessories,229.27,5,0.2,-23.43
ORD-1286,2022-10-14,2022-10-16,CUST-500,Corporate,West,Office Supplies,Tables,1976.79,9,0.0,537.14
ORD-1287,2022-10-15,2022-10-17,CUST-866,Consumer,South,Furniture,Binders,897.68,9,0.0,216.04
ORD-1288,2022-10-16,2022-10-18,CUST-393,Home Office,South,Furniture,Accessories,114.71,4,0.1,3.51
ORD-1289,2022-10-17,2022-10-19,CUST-379,Consumer,Central,Office Supplies,Accessories,95.28,3,0.2,-17.62
ORD-1290,2022-10-18,2022-10-20,CUST-936,Home Office,Central,Office Supplies,Tables,1497.49,1,0.0,454.34
ORD-1291,2022-10-19,2022-10-21,CUST-983,Home Office,East,Office Supplies,Storage,1324.89,2,0.2,-255.9
ORD-1292,2022-10-20,2022-10-22,CUST-709,Consumer,East,Technology,Storage,1608.22,8,0.2,357.38
ORD-1293,2022-10-21,2022-10-23,CUST-297,Corporate,South,Technology,Accessories,228.63,1,0.3,87.37
ORD-1294,2022-10-22,2022-10-24,CUST-610,Home Office,West,Office Supplies,Storage,90.43,8,0.1,5.66
ORD-1295,2022-10-23,2022-10-25,CUST-851,Consumer,Central,Office Supplies,Chairs,1026.99,7,0.1,-60.61
ORD-1296,2022-10-24,2022-10-26,CUST-243,Consumer,Central,Office Supplies,Accessories,787.44,8,0.1,175.54
ORD-1297,2022-10-25,2022-10-27,CUST-708,Corporate,South,Technology,Accessories,934.65,6,0.3,271.31
ORD-1298,2022-10-26,2022-10-28,CUST-300,Home Office,East,Technology,Binders,1983.35,9,0.3,253.59
ORD-1299,2022-10-27,2022-10-29,CUST-223,Home Office,West,Furniture,Storage,1942.08,3,0.1,738.42
ORD-1300,2022-10-28,2022-10-30,CUST-286,Consumer,East,Furniture,Accessories,1885.78,4,0.3,-318.69
ORD-1301,2022-10-29,2022-10-31,CUST-425,Consumer,East,Office Supplies,Chairs,1572.01,6,0.3,161.72
ORD-1302,2022-10-30,2022-11-01,CUST-563,Corporate,East,Technology,Binders,722.59,8,0.3,166.97
ORD-1303,2022-10-31,2022-11-02,CUST-448,Corporate,East,Technology,Tables,836.02,5,0.1,265.51
ORD-1304,2022-11-01,2022-11-03,CUST-870,Home Office,Central,Technology,Accessories,1108.24,3,0.1,-102.45
ORD-1305,2022-11-02,2022-11-04,CUST-759,Home Office,Central,Office Supplies,Chairs,1664.46,6,0.1,466.05
ORD-1306,2022-11-03,2022-11-05,CUST-863,Consumer,East,Furniture,Phones,156.05,4,0.3,20.54
ORD-1307,2022-11-04,2022-11-06,CUST-502,Home Office,West,Office Supplies,Chairs,860.11,9,0.1,32.63
ORD-1308,2022-11-05,2022-11-07,CUST-445,Corporate,South,Furniture,Chairs,183.58,3,0.3,-22.21
ORD-1309,2022-11-06,2022-11-08,CUST-610,Corporate,West,Furniture,Binders,1039.02,4,0.0,331.63
ORD-1310,2022-11-07,2022-11-09,CUST-246,Consumer,West,Office Supplies,Tables,1799.82,7,0.3,-190.13
ORD-1311,2022-11-08,2022-11-10,CUST-247,Corporate,West,Furniture,Phones,1569.32,7,0.2,-22.17
ORD-1312,2022-11-09,2022-11-11,CUST-963,Corporate,East,Furniture,Storage,471.13,4,0.1,-12.24
ORD-1313,2022-11-10,2022-11-12,CUST-810,Corporate,Central,Technology,Storage,1952.46,6,0.1,630.35
ORD-1314,2022-11-11,2022-11-13,CUST-919,Corporate,West,Furniture,Chairs,1341.35,3,0.2,273.13
ORD-1315,2022-11-12,2022-11-14,CUST-588,Consumer,East,Office Supplies,Binders,40.65,6,0.3,11.3
ORD-1316,2022-11-13,2022-11-15,CUST-739,Consumer,West,Office Supplies,Binders,525.72,2,0.0,-26.14
ORD-1317,2022-11-14,2022-11-16,CUST-650,Home Office,West,Furniture,Storage,536.21,8,0.2,93.8
ORD-1318,2022-11-15,2022-11-17,CUST-437,Corporate,East,Technology,Phones,157.12,2,0.2,22.48
ORD-1319,2022-11-16,2022-11-18,CUST-971,Home Office,Central,Technology,Tables,1920.46,7,0.3,575.56
ORD-1320,2022-11-17,2022-11-19,CUST-740,Consumer,Central,Furniture,Phones,966.95,9,0.1,332.29
ORD-1321,2022-11-18,2022-11-20,CUST-878,Consumer,South,Furniture,Accessories,1793.71,1,0.3,-345.66
ORD-1322,2022-11-19,2022-11-21,CUST-572,Consumer,East,Office Supplies,Accessories,657.99,8,0.2,134.5
ORD-1323,2022-11-20,2022-11-22,CUST-250,Consumer,South,Furniture,Tables,267.96,7,0.2,-45.26
ORD-1324,2022-11-21,2022-11-23,CUST-514,Consumer,South,Technology,Storage,959.19,6,0.1,124.04
ORD-1325,2022-11-22,2022-11-24,CUST-397,Consumer,South,Furniture,Tables,245.63,6,0.1,-6.74
ORD-1326,2022-11-23,2022-11-25,CUST-710,Consumer,Central,Office Supplies,Binders,982.31,6,0.1,-15.65
ORD-1327,2022-11-24,2022-11-26,CUST-362,Corporate,East,Office Supplies,Accessories,1842.19,9,0.3,21.69
ORD-1328,2022-11-25,2022-11-27,CUST-863,Home Office,South,Office Supplies,Chairs,1051.12,2,0.1,181.61
ORD-1329,2022-11-26,2022-11-28,CUST-243,Consumer,East,Office Supplies,Chairs,1240.67,1,0.2,0.53
ORD-1330,2022-11-27,2022-11-29,CUST-445,Corporate,East,Office Supplies,Storage,330.14,6,0.2,79.11
ORD-1331,2022-11-28,2022-11-30,CUST-723,Corporate,Central,Furniture,Binders,106.6,8,0.0,4.55
ORD-1332,2022-11-29,2022-12-01,CUST-671,Home Office,South,Furniture,Phones,239.4,3,0.3,-38.06
ORD-1333,2022-11-30,2022-12-02,CUST-980,Consumer,South,Furniture,Binders,1205.09,1,0.0,325.68
ORD-1334,2022-12-01,2022-12-03,CUST-101,Home Office,East,Furniture,Chairs,208.12,9,0.2,-5.94
ORD-1335,2022-12-02,2022-12-04,CUST-996,Consumer,West,Office Supplies,Chairs,764.47,1,0.0,45.61
ORD-1336,2022-12-03,2022-12-05,CUST-403,Corporate,Central,Technology,Accessories,1109.18,3,0.2,234.33
ORD-1337,2022-12-04,2022-12-06,CUST-353,Corporate,Central,Furniture,Binders,789.53,8,0.0,-0.42
ORD-1338,2022-12-05,2022-12-07,CUST-751,Corporate,Central,Technology,Binders,344.09,3,0.1,-57.14
ORD-1339,2022-12-06,2022-12-08,CUST-552,Corporate,Central,Furniture,Chairs,562.11,4,0.0,13.69
ORD-1340,2022-12-07,2022-12-09,CUST-136,Home Office,South,Furniture,Phones,1858.07,8,0.1,681.3
ORD-1341,2022-12-08,2022-12-10,CUST-259,Consumer,South,Technology,Storage,1358.44,1,0.1,251.37
ORD-1342,2022-12-09,2022-12-11,CUST-108,Consumer,West,Office Supplies,Storage,1002.17,6,0.3,203.33
ORD-1343,2022-12-10,2022-12-12,CUST-332,Home Office,Central,Furniture,Binders,45.18,1,0.1,8.1
ORD-1344,2022-12-11,2022-12-13,CUST-198,Consumer,Central,Furniture,Storage,1984.98,1,0.1,-160.0
ORD-1345,2022-12-12,2022-12-14,CUST-758,Corporate,East,Furniture,Chairs,1349.48,8,0.0,68.82
ORD-1346,2022-12-13,2022-12-15,CUST-915,Consumer,South,Technology,Chairs,647.51,4,0.2,162.24
ORD-1347,2022-12-14,2022-12-16,CUST-307,Corporate,Central,Office Supplies,Binders,1760.95,1,0.3,-245.08
ORD-1348,2022-12-15,2022-12-17,CUST-230,Home Office,West,Technology,Binders,531.69,7,0.1,-17.7
ORD-1349,2022-12-16,2022-12-18,CUST-503,Consumer,West,Technology,Accessories,1097.15,5,0.3,-37.53
ORD-1350,2022-12-17,2022-12-19,CUST-251,Home Office,South,Office Supplies,Binders,1279.42,5,0.0,75.76
ORD-1351,2022-12-18,2022-12-20,CUST-153,Consumer,West,Technology,Phones,457.71,1,0.1,177.69
ORD-1352,2022-12-19,2022-12-21,CUST-219,Corporate,West,Office Supplies,Storage,1957.23,6,0.0,-312.18
ORD-1353,2022-12-20,2022-12-22,CUST-772,Home Office,South,Furniture,Binders,1501.42,9,0.3,166.99
ORD-1354,2022-12-21,2022-12-23,CUST-727,Consumer,Central,Office Supplies,Tables,1124.47,9,0.0,-103.88
ORD-1355,2022-12-22,2022-12-24,CUST-686,Corporate,Central,Furniture,Accessories,377.58,8,0.3,144.39
ORD-1356,2022-12-23,2022-12-25,CUST-724,Home Office,West,Technology,Tables,126.64,5,0.0,-16.72
ORD-1357,2022-12-24,2022-12-26,CUST-519,Home Office,West,Technology,Chairs,653.72,1,0.3,27.56
ORD-1358,2022-12-25,2022-12-27,CUST-521,Consumer,Central,Furniture,Storage,1511.31,9,0.2,366.84
ORD-1359,2022-12-26,2022-12-28,CUST-203,Consumer,South,Technology,Binders,553.28,1,0.0,123.23
ORD-1360,2022-12-27,2022-12-29,CUST-951,Consumer,West,Office Supplies,Tables,1088.32,8,0.0,58.37
ORD-1361,2022-12-28,2022-12-30,CUST-353,Corporate,East,Furniture,Storage,1461.34,5,0.2,11.57
ORD-1362,2022-12-29,2022-12-31,CUST-326,Consumer,South,Technology,Chairs,233.73,3,0.2,9.01
ORD-1363,2022-12-30,2023-01-01,CUST-211,Home Office,West,Furniture,Phones,1376.89,7,0.0,-57.05
ORD-1364,2022-12-31,2023-01-02,CUST-609,Home Office,West,Office Supplies,Accessories,201.9,7,0.2,-15.51
ORD-1365,2023-01-01,2023-01-03,CUST-572,Consumer,East,Office Supplies,Storage,1930.96,9,0.1,173.45
ORD-1366,2023-01-02,2023-01-04,CUST-198,Consumer,East,Technology,Storage,987.02,7,0.3,-38.38
ORD-1367,2023-01-03,2023-01-05,CUST-252,Home Office,Central,Office Supplies,Phones,318.34,3,0.3,-8.76
ORD-1368,2023-01-04,2023-01-06,CUST-960,Corporate,South,Furniture,Storage,697.92,1,0.3,135.43
ORD-1369,2023-01-05,2023-01-07,CUST-995,Consumer,South,Office Supplies,Chairs,838.56,8,0.1,319.59
ORD-1370,2023-01-06,2023-01-08,CUST-977,Consumer,Central,Furniture,Chairs,1521.21,3,0.2,246.71
ORD-1371,2023-01-07,2023-01-09,CUST-437,Home Office,South,Furniture,Phones,1491.98,8,0.2,-229.48
ORD-1372,2023-01-08,2023-01-10,CUST-805,Consumer,South,Office Supplies,Accessories,1231.64,8,0.0,-190.47
ORD-1373,2023-01-09,2023-01-11,CUST-921,Corporate,South,Technology,Binders,229.74,5,0.2,85.2
ORD-1374,2023-01-10,2023-01-12,CUST-262,Home Office,South,Office Supplies,Tables,320.11,1,0.0,-6.92
ORD-1375,2023-01-11,2023-01-13,CUST-819,Consumer,South,Furniture,Binders,205.64,7,0.1,-29.77
ORD-1376,2023-01-12,2023-01-14,CUST-780,Home Office,East,Furniture,Storage,1162.8,5,0.3,185.38
ORD-1377,2023-01-13,2023-01-15,CUST-260,Consumer,South,Office Supplies,Tables,1756.73,8,0.3,306.0
ORD-1378,2023-01-14,2023-01-16,CUST-679,Consumer,East,Technology,Phones,878.93,9,0.3,166.21
ORD-1379,2023-01-15,2023-01-17,CUST-900,Consumer,South,Technology,Phones,338.48,7,0.2,-13.39
ORD-1380,2023-01-16,2023-01-18,CUST-497,Corporate,Central,Furniture,Accessories,1124.92,7,0.0,-214.79
ORD-1381,2023-01-17,2023-01-19,CUST-376,Corporate,West,Furniture,Tables,1627.27,1,0.0,616.75
ORD-1382,2023-01-18,2023-01-20,CUST-915,Home Office,East,Technology,Chairs,1488.59,4,0.1,-73.63
ORD-1383,2023-01-19,2023-01-21,CUST-603,Consumer,South,Office Supplies,Tables,1765.27,2,0.2,362.97
ORD-1384,2023-01-20,2023-01-22,CUST-995,Consumer,Central,Furniture,Storage,570.25,2,0.1,127.72
ORD-1385,2023-01-21,2023-01-23,CUST-491,Corporate,West,Furniture,Chairs,404.03,2,0.0,67.07
ORD-1386,2023-01-22,2023-01-24,CUST-234,Consumer,East,Technology,Phones,1762.04,4,0.0,-21.59
ORD-1387,2023-01-23,2023-01-25,CUST-294,Corporate,West,Office Supplies,Tables,1321.97,1,0.3,-49.37
ORD-1388,2023-01-24,2023-01-26,CUST-500,Consumer,Central,Technology,Binders,635.64,4,0.2,100.81
ORD-1389,2023-01-25,2023-01-27,CUST-739,Home Office,East,Office Supplies,Accessories,1489.85,2,0.0,476.24
ORD-1390,2023-01-26,2023-01-28,CUST-132,Consumer,West,Office Supplies,Binders,1633.93,5,0.3,601.35
ORD-1391,2023-01-27,2023-01-29,CUST-787,Consumer,South,Office Supplies,Accessories,1237.66,3,0.2,-168.89
ORD-1392,2023-01-28,2023-01-30,CUST-559,Corporate,East,Furniture,Storage,1382.01,8,0.1,-148.02
ORD-1393,2023-01-29,2023-01-31,CUST-982,Consumer,West,Technology,Binders,763.01,4,0.2,279.9
ORD-1394,2023-01-30,2023-02-01,CUST-569,Consumer,Central,Technology,Tables,1086.62,1,0.2,262.88
ORD-1395,2023-01-31,2023-02-02,CUST-474,Corporate,Central,Office Supplies,Tables,1057.84,1,0.0,348.87
ORD-1396,2023-02-01,2023-02-03,CUST-121,Home Office,East,Furniture,Binders,1699.13,3,0.0,-133.25
ORD-1397,2023-02-02,2023-02-04,CUST-849,Home Office,West,Furniture,Tables,1683.13,9,0.2,256.76
ORD-1398,2023-02-03,2023-02-05,CUST-769,Corporate,East,Technology,Storage,1668.71,7,0.0,368.26
ORD-1399,2023-02-04,2023-02-06,CUST-137,Corporate,East,Furniture,Chairs,41.84,2,0.0,8.71
ORD-1400,2023-02-05,2023-02-07,CUST-329,Corporate,West,Furniture,Storage,1504.1,9,0.0,67.52
ORD-1401,2023-02-06,2023-02-08,CUST-464,Corporate,West,Office Supplies,Accessories,1522.18,2,0.3,-290.38
ORD-1402,2023-02-07,2023-02-09,CUST-662,Corporate,South,Furniture,Storage,1363.19,3,0.3,204.15
ORD-1403,2023-02-08,2023-02-10,CUST-537,Home Office,West,Office Supplies,Accessories,1517.4,2,0.2,-73.05
ORD-1404,2023-02-09,2023-02-11,CUST-875,Home Office,Central,Technology,Tables,1687.1,3,0.0,118.35
ORD-1405,2023-02-10,2023-02-12,CUST-382,Corporate,East,Furniture,Chairs,951.23,6,0.3,356.28
ORD-1406,2023-02-11,2023-02-13,CUST-126,Consumer,East,Technology,Tables,1014.06,9,0.2,39.98
ORD-1407,2023-02-12,2023-02-14,CUST-325,Corporate,Central,Technology,Phones,266.93,9,0.0,81.11
ORD-1408,2023-02-13,2023-02-15,CUST-376,Consumer,West,Furniture,Tables,783.04,7,0.1,-68.03
ORD-1409,2023-02-14,2023-02-16,CUST-897,Corporate,Central,Furniture,Accessories,1293.86,3,0.0,263.27
ORD-1410,2023-02-15,2023-02-17,CUST-708,Corporate,Central,Technology,Tables,1565.19,4,0.0,604.48
ORD-1411,2023-02-16,2023-02-18,CUST-383,Home Office,South,Furniture,Tables,450.07,6,0.3,-62.5
ORD-1412,2023-02-17,2023-02-19,CUST-978,Consumer,Central,Office Supplies,Chairs,292.89,5,0.2,-57.12
ORD-1413,2023-02-18,2023-02-20,CUST-580,Consumer,East,Office Supplies,Tables,1332.82,2,0.2,80.17
ORD-1414,2023-02-19,2023-02-21,CUST-552,Home Office,Central,Furniture,Chairs,23.72,6,0.3,-3.43
ORD-1415,2023-02-20,2023-02-22,CUST-928,Home Office,East,Technology,Binders,373.18,3,0.0,92.93
ORD-1416,2023-02-21,2023-02-23,CUST-915,Home Office,East,Furniture,Phones,77.56,8,0.1,27.05
ORD-1417,2023-02-22,2023-02-24,CUST-758,Home Office,East,Furniture,Chairs,350.43,2,0.0,21.17
ORD-1418,2023-02-23,2023-02-25,CUST-615,Consumer,West,Technology,Accessories,379.01,1,0.0,-16.97
ORD-1419,2023-02-24,2023-02-26,CUST-646,Consumer,South,Technology,Binders,787.59,9,0.1,47.76
ORD-1420,2023-02-25,2023-02-27,CUST-291,Corporate,East,Office Supplies,Chairs,816.61,3,0.3,191.14
ORD-1421,2023-02-26,2023-02-28,CUST-148,Corporate,East,Technology,Chairs,1751.04,1,0.2,-340.7
ORD-1422,2023-02-27,2023-03-01,CUST-611,Home Office,West,Office Supplies,Phones,1030.02,7,0.3,158.29
ORD-1423,2023-02-28,2023-03-02,CUST-116,Home Office,East,Technology,Accessories,1452.34,5,0.3,243.96
ORD-1424,2023-03-01,2023-03-03,CUST-271,Home Office,Central,Furniture,Storage,226.19,5,0.0,41.31
ORD-1425,2023-03-02,2023-03-04,CUST-319,Corporate,Central,Office Supplies,Storage,466.37,1,0.2,-25.55
ORD-1426,2023-03-03,2023-03-05,CUST-257,Corporate,South,Office Supplies,Chairs,1411.83,9,0.2,322.51
ORD-1427,2023-03-04,2023-03-06,CUST-576,Corporate,East,Office Supplies,Tables,124.55,7,0.3,-18.08
ORD-1428,2023-03-05,2023-03-07,CUST-145,Corporate,West,Furniture,Accessories,983.46,8,0.1,-79.11
ORD-1429,2023-03-06,2023-03-08,CUST-472,Corporate,Central,Furniture,Binders,1206.75,9,0.3,393.98
ORD-1430,2023-03-07,2023-03-09,CUST-617,Corporate,West,Furniture,Tables,1212.25,6,0.1,294.86
ORD-1431,2023-03-08,2023-03-10,CUST-198,Corporate,West,Furniture,Tables,65.41,5,0.2,-12.54
ORD-1432,2023-03-09,2023-03-11,CUST-991,Home Office,Central,Furniture,Accessories,657.77,6,0.3,-33.53
ORD-1433,2023-03-10,2023-03-12,CUST-844,Home Office,West,Office Supplies,Chairs,1280.25,2,0.0,-91.35
ORD-1434,2023-03-11,2023-03-13,CUST-136,Home Office,Central,Furniture,Chairs,315.02,4,0.3,-11.82
ORD-1435,2023-03-12,2023-03-14,CUST-379,Home Office,West,Office Supplies,Chairs,1396.92,3,0.2,-71.89
ORD-1436,2023-03-13,2023-03-15,CUST-448,Corporate,Central,Furniture,Chairs,1496.93,7,0.0,-243.23
ORD-1437,2023-03-14,2023-03-16,CUST-596,Consumer,East,Technology,Storage,1964.3,9,0.0,148.04
ORD-1438,2023-03-15,2023-03-17,CUST-401,Corporate,South,Office Supplies,Chairs,435.49,5,0.1,104.36
ORD-1439,2023-03-16,2023-03-18,CUST-280,Consumer,Central,Technology,Storage,1653.76,6,0.0,271.28
ORD-1440,2023-03-17,2023-03-19,CUST-706,Home Office,Central,Office Supplies,Storage,1050.19,2,0.0,213.95
ORD-1441,2023-03-18,2023-03-20,CUST-198,Corporate,South,Technology,Chairs,759.46,3,0.3,-114.91
ORD-1442,2023-03-19,2023-03-21,CUST-799,Home Office,Central,Furniture,Phones,262.31,3,0.2,97.29
ORD-1443,2023-03-20,2023-03-22,CUST-215,Corporate,Central,Furniture,Binders,1476.3,9,0.1,447.46
ORD-1444,2023-03-21,2023-03-23,CUST-290,Home Office,West,Furniture,Tables,487.0,7,0.3,137.85
ORD-1445,2023-03-22,2023-03-24,CUST-352,Consumer,South,Office Supplies,Storage,755.42,8,0.0,221.94
ORD-1446,2023-03-23,2023-03-25,CUST-260,Consumer,East,Technology,Accessories,143.83,9,0.0,51.73
ORD-1447,2023-03-24,2023-03-26,CUST-355,Consumer,Central,Furniture,Accessories,1606.71,6,0.1,203.33
ORD-1448,2023-03-25,2023-03-27,CUST-422,Corporate,South,Technology,Binders,1537.85,4,0.2,-122.77
ORD-1449,2023-03-26,2023-03-28,CUST-227,Consumer,West,Technology,Accessories,1472.56,1,0.1,250.44
ORD-1450,2023-03-27,2023-03-29,CUST-117,Corporate,East,Furniture,Phones,612.9,8,0.3,150.61
ORD-1451,2023-03-28,2023-03-30,CUST-892,Consumer,South,Furniture,Accessories,363.49,7,0.1,88.24
ORD-1452,2023-03-29,2023-03-31,CUST-834,Consumer,East,Technology,Tables,1282.36,2,0.0,144.74
ORD-1453,2023-03-30,2023-04-01,CUST-665,Corporate,East,Furniture,Tables,1002.41,8,0.3,-159.31
ORD-1454,2023-03-31,2023-04-02,CUST-669,Corporate,East,Furniture,Storage,372.94,5,0.0,8.45
ORD-1455,2023-04-01,2023-04-03,CUST-422,Consumer,Central,Furniture,Chairs,1378.1,7,0.2,485.73
ORD-1456,2023-04-02,2023-04-04,CUST-971,Corporate,Central,Office Supplies,Phones,1982.43,4,0.0,298.69
ORD-1457,2023-04-03,2023-04-05,CUST-785,Consumer,West,Technology,Storage,1499.49,5,0.0,184.44
ORD-1458,2023-04-04,2023-04-06,CUST-891,Corporate,West,Technology,Phones,1485.17,8,0.1,-57.46
ORD-1459,2023-04-05,2023-04-07,CUST-725,Home Office,South,Office Supplies,Chairs,1901.62,1,0.0,40.07
ORD-1460,2023-04-06,2023-04-08,CUST-387,Home Office,West,Technology,Accessories,421.81,1,0.3,142.24
ORD-1461,2023-04-07,2023-04-09,CUST-953,Home Office,East,Furniture,Accessories,1139.79,4,0.3,227.82
ORD-1462,2023-04-08,2023-04-10,CUST-762,Home Office,East,Technology,Chairs,1959.7,3,0.2,533.89
ORD-1463,2023-04-09,2023-04-11,CUST-738,Home Office,Central,Furniture,Storage,347.28,2,0.3,25.22
ORD-1464,2023-04-10,2023-04-12,CUST-254,Consumer,East,Office Supplies,Chairs,1406.5,3,0.1,250.57
ORD-1465,2023-04-11,2023-04-13,CUST-589,Home Office,South,Furniture,Binders,1179.9,1,0.2,-60.14
ORD-1466,2023-04-12,2023-04-14,CUST-485,Home Office,East,Technology,Tables,1181.23,1,0.3,263.74
ORD-1467,2023-04-13,2023-04-15,CUST-884,Home Office,East,Technology,Storage,1401.39,6,0.1,79.26
ORD-1468,2023-04-14,2023-04-16,CUST-203,Home Office,South,Technology,Phones,1860.64,5,0.3,121.92
ORD-1469,2023-04-15,2023-04-17,CUST-492,Corporate,West,Office Supplies,Binders,1569.51,8,0.3,297.57
ORD-1470,2023-04-16,2023-04-18,CUST-910,Consumer,West,Office Supplies,Storage,131.15,2,0.0,47.45
ORD-1471,2023-04-17,2023-04-19,CUST-345,Home Office,South,Technology,Chairs,1708.4,4,0.3,-276.07
ORD-1472,2023-04-18,2023-04-20,CUST-275,Home Office,Central,Furniture,Chairs,466.57,8,0.3,137.57
ORD-1473,2023-04-19,2023-04-21,CUST-138,Home Office,East,Office Supplies,Chairs,766.29,6,0.1,-18.83
ORD-1474,2023-04-20,2023-04-22,CUST-576,Consumer,South,Technology,Chairs,934.23,1,0.1,61.99
ORD-1475,2023-04-21,2023-04-23,CUST-781,Corporate,East,Technology,Phones,972.19,4,0.0,-181.66
ORD-1476,2023-04-22,2023-04-24,CUST-858,Consumer,Central,Office Supplies,Binders,881.66,1,0.3,-17.08
ORD-1477,2023-04-23,2023-04-25,CUST-637,Corporate,East,Office Supplies,Accessories,1875.96,2,0.0,190.56
ORD-1478,2023-04-24,2023-04-26,CUST-966,Home Office,South,Office Supplies,Tables,1417.92,5,0.3,-235.79
ORD-1479,2023-04-25,2023-04-27,CUST-917,Home Office,East,Furniture,Phones,1269.72,8,0.2,120.19
ORD-1480,2023-04-26,2023-04-28,CUST-507,Consumer,West,Furniture,Phones,118.69,8,0.2,42.29
ORD-1481,2023-04-27,2023-04-29,CUST-624,Consumer,Central,Technology,Accessories,1809.75,3,0.0,-247.51
ORD-1482,2023-04-28,2023-04-30,CUST-927,Corporate,Central,Office Supplies,Accessories,1820.59,4,0.0,470.92
ORD-1483,2023-04-29,2023-05-01,CUST-605,Corporate,Central,Furniture,Tables,1564.82,6,0.0,71.67
ORD-1484,2023-04-30,2023-05-02,CUST-924,Consumer,South,Office Supplies,Tables,33.92,3,0.1,6.55
ORD-1485,2023-05-01,2023-05-03,CUST-135,Corporate,Central,Technology,Accessories,133.41,2,0.1,-5.85
ORD-1486,2023-05-02,2023-05-04,CUST-784,Consumer,West,Furniture,Chairs,465.94,6,0.1,-48.6
ORD-1487,2023-05-03,2023-05-05,CUST-119,Corporate,South,Furniture,Phones,280.07,5,0.0,-29.05
ORD-1488,2023-05-04,2023-05-06,CUST-420,Consumer,West,Furniture,Storage,809.7,5,0.3,-127.69
ORD-1489,2023-05-05,2023-05-07,CUST-875,Consumer,East,Technology,Tables,1846.79,5,0.2,-163.65
ORD-1490,2023-05-06,2023-05-08,CUST-611,Consumer,East,Office Supplies,Tables,954.68,5,0.0,189.53
ORD-1491,2023-05-07,2023-05-09,CUST-499,Corporate,East,Furniture,Accessories,46.54,3,0.1,15.31
ORD-1492,2023-05-08,2023-05-10,CUST-753,Corporate,East,Technology,Binders,579.84,7,0.1,167.27
ORD-1493,2023-05-09,2023-05-11,CUST-982,Corporate,West,Office Supplies,Storage,108.3,6,0.0,22.86
ORD-1494,2023-05-10,2023-05-12,CUST-570,Consumer,South,Technology,Storage,91.85,4,0.0,-12.28
ORD-1495,2023-05-11,2023-05-13,CUST-242,Corporate,South,Office Supplies,Tables,565.93,2,0.1,-14.99
ORD-1496,2023-05-12,2023-05-14,CUST-191,Corporate,Central,Technology,Chairs,565.71,9,0.3,-7.99
ORD-1497,2023-05-13,2023-05-15,CUST-453,Consumer,West,Office Supplies,Binders,1578.51,1,0.1,-78.97
ORD-1498,2023-05-14,2023-05-16,CUST-933,Home Office,East,Furniture,Storage,1950.17,4,0.1,212.58
ORD-1499,2023-05-15,2023-05-17,CUST-899,Consumer,West,Office Supplies,Tables,754.99,1,0.0,91.6
